,project,bugid,test,test_method,pattern,commit_modified,report_url
0,Cli,1,BugCLI13Test,testCLI13,1,['b0e1b80b6d4a10a9c9f46539bc4c7a3cce55886e'],https://issues.apache.org/jira/browse/CLI-13
1,Cli,2,BugCLI51Test,test,1,['2ff9573ffb08dd52ec3a55a49f2d77a1e94efbdf'],https://issues.apache.org/jira/browse/CLI-51
5,Cli,5,BugCLI133Test,testOrder,1,['3880640ee6268a2ecb2912e1ae896153dc2229e5'],https://issues.apache.org/jira/browse/CLI-133
6,Cli,5,UtilTest,testStripLeadingHyphens,1,['3880640ee6268a2ecb2912e1ae896153dc2229e5'],https://issues.apache.org/jira/browse/CLI-133
8,Cli,8,HelpFormatterTest,testPrintWrapped,3,"['aae50c585ec3ac33c6a9af792e80378904a73195', '9b2b8038b52be022e42c8c7fdf26e236888f94c5', '4f407378c93b9e2a8e24c855e8bed5eb12bf7a06']",https://issues.apache.org/jira/browse/CLI-151
9,Cli,9,OptionsTest,testMissingOptionsException,3,"['f78959477b207bf710049aa35730ef7659f0a1b9', 'fea35870b69c0d37ab36ab6783edbc7aacc0842c']",https://issues.apache.org/jira/browse/CLI-149
10,Cli,9,ParseRequiredTest,testMissingRequiredOptions,1,['fea35870b69c0d37ab36ab6783edbc7aacc0842c'],https://issues.apache.org/jira/browse/CLI-149
11,Cli,10,ParseRequiredTest,testReuseOptionsTwice,1,['d72a578a8949e4b1c437ec55997d8786836f139c'],https://issues.apache.org/jira/browse/CLI-156
16,Cli,13,BugLoopingOptionLookAlikeTest,testLoopingOptionLookAlike2,3,"['b92abb2404801d931c42d55f25749ad862947ea3', '37ead87cdd8de8ddb6cbb2f8f091eb572565080c', '4729315c88e18a531c151162f42544d525e36752', 'ca1e681ac7ce142befe950df5506e81c1935252d', '47b2fa57db0f54d71ea4822fdb44b10656002890', 'e2ba946ea0e01c36c84f97f483e1d22cfd64b917', '538fb6889f0387a40b821cfb315685e929110736']",https://issues.apache.org/jira/browse/CLI-61
17,Cli,14,BugCLI144Test,testFileValidator,1,['c338c8aca40d43efda580057f6d41ba228e26ec1'],https://issues.apache.org/jira/browse/CLI-144
18,Cli,15,BugCLI158Test,testSingleOptionMaximumNumberOfArgument,1,['a93139165b160af1c908c85a06b0af6b3dda3387'],https://issues.apache.org/jira/browse/CLI-158
19,Cli,15,BugCLI158Test,testSingleOptionSingleArgument,1,['a93139165b160af1c908c85a06b0af6b3dda3387'],https://issues.apache.org/jira/browse/CLI-158
66,Closure,1,CommandLineRunnerTest,testDebugFlag1,3,"['31193006e16b909a3115f998789057fb05d76b18', '848ace840362a1f5558bec065cb40548ff66587a', 'e5d3e5e012871b87d2f2a59985bc6522bb571ee2', 'eb5eae4438f49ffddd3c8be1413eeb9e7ecfb311', '279196b617c5de1ade21110979b6b13d8eda6342', '1dfad5043a207e032a78ef50c3cba50488bcd300']",https://storage.googleapis.com/google-code-archive/v2/code.google.com/closure-compiler/issues/issue-253.json
67,Closure,1,CommandLineRunnerTest,testForwardDeclareDroppedTypes,3,"['301ed5b03eb52debdc9b87929a45880eb2faf1fe', '5709ec1d0bbe5b7726a14d06f7eab9c35150e314', '1dfad5043a207e032a78ef50c3cba50488bcd300']",https://storage.googleapis.com/google-code-archive/v2/code.google.com/closure-compiler/issues/issue-253.json
68,Closure,1,CommandLineRunnerTest,testSimpleModeLeavesUnusedParams,1,['1dfad5043a207e032a78ef50c3cba50488bcd300'],https://storage.googleapis.com/google-code-archive/v2/code.google.com/closure-compiler/issues/issue-253.json
69,Closure,1,IntegrationTest,testIssue787,2,"['d6d733f461ee5ba26e9326c1c7609f1f00d6d2db', '1dfad5043a207e032a78ef50c3cba50488bcd300']",https://storage.googleapis.com/google-code-archive/v2/code.google.com/closure-compiler/issues/issue-253.json
70,Closure,1,RemoveUnusedVarsTest,testIssue168b,3,"['4672a1aca15e6d5c3e7c2e00e31767f3c8327335', '1dfad5043a207e032a78ef50c3cba50488bcd300']",https://storage.googleapis.com/google-code-archive/v2/code.google.com/closure-compiler/issues/issue-253.json
71,Closure,1,RemoveUnusedVarsTest,testRemoveGlobal1,3,"['eb5eae4438f49ffddd3c8be1413eeb9e7ecfb311', '1dfad5043a207e032a78ef50c3cba50488bcd300']",https://storage.googleapis.com/google-code-archive/v2/code.google.com/closure-compiler/issues/issue-253.json
72,Closure,1,RemoveUnusedVarsTest,testRemoveGlobal2,3,"['eb5eae4438f49ffddd3c8be1413eeb9e7ecfb311', '4672a1aca15e6d5c3e7c2e00e31767f3c8327335', '1dfad5043a207e032a78ef50c3cba50488bcd300']",https://storage.googleapis.com/google-code-archive/v2/code.google.com/closure-compiler/issues/issue-253.json
73,Closure,1,RemoveUnusedVarsTest,testRemoveGlobal3,3,"['eb5eae4438f49ffddd3c8be1413eeb9e7ecfb311', '4672a1aca15e6d5c3e7c2e00e31767f3c8327335', '1dfad5043a207e032a78ef50c3cba50488bcd300']",https://storage.googleapis.com/google-code-archive/v2/code.google.com/closure-compiler/issues/issue-253.json
74,Closure,2,TypeCheckTest,testBadInterfaceExtendsNonExistentInterfaces,1,['d1cfe67977d8f3aaa85ec20c262171da394d5977'],https://storage.googleapis.com/google-code-archive/v2/code.google.com/closure-compiler/issues/issue-884.json
75,Closure,3,FlowSensitiveInlineVariablesTest,testDoNotInlineCatchExpression1,1,['d80fcc04239ab8c4cf781273c4f9bc54cf06f479'],https://storage.googleapis.com/google-code-archive/v2/code.google.com/closure-compiler/issues/issue-864.json
76,Closure,3,FlowSensitiveInlineVariablesTest,testDoNotInlineCatchExpression1a,1,['d80fcc04239ab8c4cf781273c4f9bc54cf06f479'],https://storage.googleapis.com/google-code-archive/v2/code.google.com/closure-compiler/issues/issue-864.json
77,Closure,3,FlowSensitiveInlineVariablesTest,testDoNotInlineCatchExpression3,1,['d80fcc04239ab8c4cf781273c4f9bc54cf06f479'],https://storage.googleapis.com/google-code-archive/v2/code.google.com/closure-compiler/issues/issue-864.json
78,Closure,4,TypeCheckTest,testConversionFromInterfaceToRecursiveConstructor,1,['efefb736fccc2039b5fb079710b3f2ac82b8c6e4'],https://storage.googleapis.com/google-code-archive/v2/code.google.com/closure-compiler/issues/issue-873.json
79,Closure,4,TypeCheckTest,testImplementsExtendsLoop,1,['efefb736fccc2039b5fb079710b3f2ac82b8c6e4'],https://storage.googleapis.com/google-code-archive/v2/code.google.com/closure-compiler/issues/issue-873.json
80,Closure,4,TypeCheckTest,testImplementsLoop,1,['efefb736fccc2039b5fb079710b3f2ac82b8c6e4'],https://storage.googleapis.com/google-code-archive/v2/code.google.com/closure-compiler/issues/issue-873.json
81,Closure,5,InlineObjectLiteralsTest,testNoInlineDeletedProperties,1,['59eec92e364b2ec2cec9dd63449f5c0134983f18'],https://storage.googleapis.com/google-code-archive/v2/code.google.com/closure-compiler/issues/issue-851.json
82,Closure,6,LooseTypeCheckTest,testTypeRedefinition,3,"['de13c3313c05f4449c50c560324389d6905a214d', '465282f1ca28a208b06c47b55fd292d4631c55da', 'e9f7e6114414f68deb90f4116861d7a054365404', '9f7a353385bf0b93cdaeaa56cc5b1450db790127']",https://storage.googleapis.com/google-code-archive/v2/code.google.com/closure-compiler/issues/issue-635.json
83,Closure,6,TypeCheckTest,testIssue635b,1,['9f7a353385bf0b93cdaeaa56cc5b1450db790127'],https://storage.googleapis.com/google-code-archive/v2/code.google.com/closure-compiler/issues/issue-635.json
84,Closure,6,TypeCheckTest,testTypeRedefinition,3,"['77b7c78d4aeeb6471f2f668a06c0f61a68f95ccd', 'de13c3313c05f4449c50c560324389d6905a214d', '465282f1ca28a208b06c47b55fd292d4631c55da', 'e9f7e6114414f68deb90f4116861d7a054365404', '9f7a353385bf0b93cdaeaa56cc5b1450db790127']",https://storage.googleapis.com/google-code-archive/v2/code.google.com/closure-compiler/issues/issue-635.json
85,Closure,7,ClosureReverseAbstractInterpreterTest,testGoogIsFunction2,1,['e736b1c92981fafdc87f3f41f66918305f173734'],https://storage.googleapis.com/google-code-archive/v2/code.google.com/closure-compiler/issues/issue-841.json
86,Closure,7,SemanticReverseAbstractInterpreterTest,testTypeof3,1,['e736b1c92981fafdc87f3f41f66918305f173734'],https://storage.googleapis.com/google-code-archive/v2/code.google.com/closure-compiler/issues/issue-841.json
87,Closure,8,CollapseVariableDeclarationsTest,testIssue820,1,['6300a43566d4adcf8828128267808a8740edc835'],https://storage.googleapis.com/google-code-archive/v2/code.google.com/closure-compiler/issues/issue-820.json
88,Closure,9,ProcessCommonJSModulesTest,testGuessModuleName,3,"['32f4884ca5aa648d48d988d8d7dada88212d6dbe', 'e9c15465c000c19ef4e0b8f68a680589ae4111d7']",https://storage.googleapis.com/google-code-archive/v2/code.google.com/closure-compiler/issues/issue-824.json
89,Closure,10,PeepholeFoldConstantsTest,testIssue821,1,['0884a4cbef1c82153ef306477a12af0480385a35'],https://storage.googleapis.com/google-code-archive/v2/code.google.com/closure-compiler/issues/issue-821.json
90,Closure,11,TypeCheckTest,testGetprop4,1,['482b767639e6eec7c30d8898851560c41b66d885'],https://storage.googleapis.com/google-code-archive/v2/code.google.com/closure-compiler/issues/issue-810.json
91,Closure,11,TypeCheckTest,testIssue810,1,['482b767639e6eec7c30d8898851560c41b66d885'],https://storage.googleapis.com/google-code-archive/v2/code.google.com/closure-compiler/issues/issue-810.json
92,Closure,12,FlowSensitiveInlineVariablesTest,testIssue794b,1,['d06ac163013a3779fcec7c2f544ba99d08f69f58'],https://storage.googleapis.com/google-code-archive/v2/code.google.com/closure-compiler/issues/issue-794.json
93,Closure,13,IntegrationTest,testIssue787,1,['d6d733f461ee5ba26e9326c1c7609f1f00d6d2db'],https://storage.googleapis.com/google-code-archive/v2/code.google.com/closure-compiler/issues/issue-787.json
94,Closure,14,CheckMissingReturnTest,testIssue779,1,['4b15b25f400335b6e2820cb690430324748372f9'],https://storage.googleapis.com/google-code-archive/v2/code.google.com/closure-compiler/issues/issue-779.json
95,Closure,14,ControlFlowAnalysisTest,testDeepNestedBreakwithFinally,3,"['6b49cfd9022fe111bdad745c78ea877fbc2f7ba3', '4b15b25f400335b6e2820cb690430324748372f9']",https://storage.googleapis.com/google-code-archive/v2/code.google.com/closure-compiler/issues/issue-779.json
96,Closure,14,ControlFlowAnalysisTest,testDeepNestedFinally,3,"['6b49cfd9022fe111bdad745c78ea877fbc2f7ba3', '4b15b25f400335b6e2820cb690430324748372f9']",https://storage.googleapis.com/google-code-archive/v2/code.google.com/closure-compiler/issues/issue-779.json
97,Closure,15,FlowSensitiveInlineVariablesTest,testSimpleForIn,1,['968b3f467f51c6bfec18af1fbcf980a0f19a1fb3'],https://storage.googleapis.com/google-code-archive/v2/code.google.com/closure-compiler/issues/issue-773.json
98,Closure,16,IntegrationTest,testIssue772,1,['3b97e5e4212c769daa22a96094ed19b4658c8760'],https://storage.googleapis.com/google-code-archive/v2/code.google.com/closure-compiler/issues/issue-772.json
99,Closure,16,ScopedAliasesTest,testIssue772,1,['3b97e5e4212c769daa22a96094ed19b4658c8760'],https://storage.googleapis.com/google-code-archive/v2/code.google.com/closure-compiler/issues/issue-772.json
100,Closure,17,TypeCheckTest,testIssue688,1,['33ab4df84afbdb36216b8a1ea3a526c438615e26'],https://storage.googleapis.com/google-code-archive/v2/code.google.com/closure-compiler/issues/issue-688.json
101,Closure,18,IntegrationTest,testDependencySorting,1,['ea119a2d06328852763f9ee447c3bf74fa1f83dc'],https://storage.googleapis.com/google-code-archive/v2/code.google.com/closure-compiler/issues/issue-768.json
102,Closure,19,TypeInferenceTest,testNoThisInference,1,['686146c4de7d2bd985156ae15175365633dd0f94'],https://storage.googleapis.com/google-code-archive/v2/code.google.com/closure-compiler/issues/issue-769.json
103,Closure,20,PeepholeSubstituteAlternateSyntaxTest,testSimpleFunctionCall,3,"['dfdbb7db25c17eed1315afbfa0229f339528ffc3', '6da361c5865ecac18ee147014c9e84244d19c2a9', '413b936f57cc2e91f608875251448d57483a2f78', '3f6743d5fe399a7475e072eedf87b23017e91d40', '208aa65bee67c464bbe5b9bf5e6385b8a06a920f', 'ebf229b05f4ee71bc05d70830f5dd5683271d661']",https://storage.googleapis.com/google-code-archive/v2/code.google.com/closure-compiler/issues/issue-759.json
104,Closure,21,CheckSideEffectsTest,testUselessCode,3,"['6b49cfd9022fe111bdad745c78ea877fbc2f7ba3', 'ff9dc85e994c34448130ee5bb38f801ab2f6ba16', '43a55234ef122a1ed98681ce0350506207b878d5', 'dbf6ea95477810188582b9e9ac6c9645717cbe95', '1787d7b2cff83a0f177dd958033c53e4502406d2']",https://storage.googleapis.com/google-code-archive/v2/code.google.com/closure-compiler/issues/issue-753.json
105,Closure,22,CheckSideEffectsTest,testUselessCode,3,"['6b49cfd9022fe111bdad745c78ea877fbc2f7ba3', 'ff9dc85e994c34448130ee5bb38f801ab2f6ba16', '43a55234ef122a1ed98681ce0350506207b878d5']",https://storage.googleapis.com/google-code-archive/v2/code.google.com/closure-compiler/issues/issue-753.json
106,Closure,23,PeepholeFoldConstantsTest,testFoldGetElem,3,"['9925370292834ea846727f1f9db76af0d40261df', 'cf3fcbbc124d5b8948d7bef5215c45d80dbeae8e', '653599e7c3922059a78958ea32b216ff9c42800e', 'b59cdd9e2dc64d2db86b90982c200a78f2f85e50']",https://storage.googleapis.com/google-code-archive/v2/code.google.com/closure-compiler/issues/issue-747.json
107,Closure,24,ScopedAliasesTest,testNonAliasLocal,3,"['a9757e8c7d85f9ee9622b3e5352955ba3429733d', '8c4a625cdec89e6b1fa452fbb73c6f8d4c56b701', '70ca6014779735bdc52ca0e80e528257829a15e7']",https://storage.googleapis.com/google-code-archive/v2/code.google.com/closure-compiler/issues/issue-737.json
108,Closure,25,TypeInferenceTest,testBackwardsInferenceNew,1,['2e904fcdc3bc09e3bff557fcfca383ba7e450095'],https://storage.googleapis.com/google-code-archive/v2/code.google.com/closure-compiler/issues/issue-729.json
109,Closure,26,CommandLineRunnerTest,testProcessCJS,3,"['5ef7a8a0a8263e8fd0291c7f11ad0bf4bd9cb1a4', '372eb11e44b8559004bfe78a5b4003caf0072135']",https://storage.googleapis.com/google-code-archive/v2/code.google.com/closure-compiler/issues/issue-732.json
110,Closure,26,CommandLineRunnerTest,testTransformAMDAndProcessCJS,3,"['5ef7a8a0a8263e8fd0291c7f11ad0bf4bd9cb1a4', '372eb11e44b8559004bfe78a5b4003caf0072135']",https://storage.googleapis.com/google-code-archive/v2/code.google.com/closure-compiler/issues/issue-732.json
111,Closure,26,ProcessCommonJSModulesTest,testDash,3,"['5ef7a8a0a8263e8fd0291c7f11ad0bf4bd9cb1a4', '372eb11e44b8559004bfe78a5b4003caf0072135']",https://storage.googleapis.com/google-code-archive/v2/code.google.com/closure-compiler/issues/issue-732.json
112,Closure,26,ProcessCommonJSModulesTest,testExports,3,"['5ef7a8a0a8263e8fd0291c7f11ad0bf4bd9cb1a4', '372eb11e44b8559004bfe78a5b4003caf0072135']",https://storage.googleapis.com/google-code-archive/v2/code.google.com/closure-compiler/issues/issue-732.json
113,Closure,26,ProcessCommonJSModulesTest,testModuleName,3,"['5ef7a8a0a8263e8fd0291c7f11ad0bf4bd9cb1a4', '32f4884ca5aa648d48d988d8d7dada88212d6dbe', '372eb11e44b8559004bfe78a5b4003caf0072135']",https://storage.googleapis.com/google-code-archive/v2/code.google.com/closure-compiler/issues/issue-732.json
114,Closure,26,ProcessCommonJSModulesTest,testVarRenaming,3,"['5ef7a8a0a8263e8fd0291c7f11ad0bf4bd9cb1a4', '372eb11e44b8559004bfe78a5b4003caf0072135']",https://storage.googleapis.com/google-code-archive/v2/code.google.com/closure-compiler/issues/issue-732.json
115,Closure,26,ProcessCommonJSModulesTest,testWithoutExports,3,"['5ef7a8a0a8263e8fd0291c7f11ad0bf4bd9cb1a4', '372eb11e44b8559004bfe78a5b4003caf0072135']",https://storage.googleapis.com/google-code-archive/v2/code.google.com/closure-compiler/issues/issue-732.json
116,Closure,27,IRTest,testIssue727_1,1,['7a8983042131c5a9c2b5421ae42075cbb8ef1aeb'],https://storage.googleapis.com/google-code-archive/v2/code.google.com/closure-compiler/issues/issue-727.json
117,Closure,27,IRTest,testIssue727_2,1,['7a8983042131c5a9c2b5421ae42075cbb8ef1aeb'],https://storage.googleapis.com/google-code-archive/v2/code.google.com/closure-compiler/issues/issue-727.json
118,Closure,27,IRTest,testIssue727_3,1,['7a8983042131c5a9c2b5421ae42075cbb8ef1aeb'],https://storage.googleapis.com/google-code-archive/v2/code.google.com/closure-compiler/issues/issue-727.json
119,Closure,28,InlineCostEstimatorTest,testCost,3,"['6b49cfd9022fe111bdad745c78ea877fbc2f7ba3', '59dbb7a28680caad08ddb1658123fe0cbb1ae689']",https://storage.googleapis.com/google-code-archive/v2/code.google.com/closure-compiler/issues/issue-728.json
120,Closure,28,InlineFunctionsTest,testIssue728,1,['59dbb7a28680caad08ddb1658123fe0cbb1ae689'],https://storage.googleapis.com/google-code-archive/v2/code.google.com/closure-compiler/issues/issue-728.json
121,Closure,29,InlineObjectLiteralsTest,testIssue724,1,['6924915efab89f921fd0779fe200fecc1bf80847'],https://storage.googleapis.com/google-code-archive/v2/code.google.com/closure-compiler/issues/issue-724.json
122,Closure,29,InlineObjectLiteralsTest,testObject10,3,"['23cf56d241b46465bd0f112ad0cc9c6ba5583fae', '5fd1037e79cbdbf8fb5734f40c604a145ada03b2', '34de1a205f3c1e4eaed32ccc1aeea4197ddf57c0', '6924915efab89f921fd0779fe200fecc1bf80847']",https://storage.googleapis.com/google-code-archive/v2/code.google.com/closure-compiler/issues/issue-724.json
123,Closure,29,InlineObjectLiteralsTest,testObject12,3,"['23cf56d241b46465bd0f112ad0cc9c6ba5583fae', '5fd1037e79cbdbf8fb5734f40c604a145ada03b2', '34de1a205f3c1e4eaed32ccc1aeea4197ddf57c0', '6924915efab89f921fd0779fe200fecc1bf80847']",https://storage.googleapis.com/google-code-archive/v2/code.google.com/closure-compiler/issues/issue-724.json
124,Closure,29,InlineObjectLiteralsTest,testObject22,3,"['ab11c6a445cea2045b5e8e8cbe0686f6fadc98df', '5fd1037e79cbdbf8fb5734f40c604a145ada03b2', '34de1a205f3c1e4eaed32ccc1aeea4197ddf57c0', '6924915efab89f921fd0779fe200fecc1bf80847']",https://storage.googleapis.com/google-code-archive/v2/code.google.com/closure-compiler/issues/issue-724.json
125,Closure,29,IntegrationTest,testIssue724,1,['6924915efab89f921fd0779fe200fecc1bf80847'],https://storage.googleapis.com/google-code-archive/v2/code.google.com/closure-compiler/issues/issue-724.json
126,Closure,30,FlowSensitiveInlineVariablesTest,testCanInlineAcrossNoSideEffect,3,"['74a817bbf5256d671036356c58096f612535e4a2', '38e2b8f247423734adec3dbd76fa22da1a3561a8']",https://storage.googleapis.com/google-code-archive/v2/code.google.com/closure-compiler/issues/issue-698.json
127,Closure,30,FlowSensitiveInlineVariablesTest,testInlineAcrossSideEffect1,3,"['74a817bbf5256d671036356c58096f612535e4a2', '38e2b8f247423734adec3dbd76fa22da1a3561a8']",https://storage.googleapis.com/google-code-archive/v2/code.google.com/closure-compiler/issues/issue-698.json
128,Closure,30,FlowSensitiveInlineVariablesTest,testIssue698,1,['38e2b8f247423734adec3dbd76fa22da1a3561a8'],https://storage.googleapis.com/google-code-archive/v2/code.google.com/closure-compiler/issues/issue-698.json
129,Closure,31,CommandLineRunnerTest,testDependencySortingWhitespaceMode,1,['0a670cb51fd56c12c19f98884c9513792ebc3f76'],https://storage.googleapis.com/google-code-archive/v2/code.google.com/closure-compiler/issues/issue-703.json
130,Closure,32,IntegrationTest,testIssue701,1,['66c8c695fd8130e3ede6f77c6e5cc1ec96a0e9b3'],https://storage.googleapis.com/google-code-archive/v2/code.google.com/closure-compiler/issues/issue-701.json
131,Closure,32,JsDocInfoParserTest,testParseLicense,3,"['c25df7eca2462861bf42ad8b74215099c3f81ae6', '66c8c695fd8130e3ede6f77c6e5cc1ec96a0e9b3']",https://storage.googleapis.com/google-code-archive/v2/code.google.com/closure-compiler/issues/issue-701.json
132,Closure,32,JsDocInfoParserTest,testParseLicenseAscii,1,['66c8c695fd8130e3ede6f77c6e5cc1ec96a0e9b3'],https://storage.googleapis.com/google-code-archive/v2/code.google.com/closure-compiler/issues/issue-701.json
133,Closure,32,JsDocInfoParserTest,testParsePreserve,3,"['c25df7eca2462861bf42ad8b74215099c3f81ae6', '66c8c695fd8130e3ede6f77c6e5cc1ec96a0e9b3']",https://storage.googleapis.com/google-code-archive/v2/code.google.com/closure-compiler/issues/issue-701.json
134,Closure,33,TypeCheckTest,testIssue700,1,['382422adae8e9f07fc23c94089c0ebe08a2174bc'],https://storage.googleapis.com/google-code-archive/v2/code.google.com/closure-compiler/issues/issue-700.json
135,Closure,34,CodePrinterTest,testManyAdds,1,['87b154f89cba3c67045cd7a783b79231d0630a4c'],https://storage.googleapis.com/google-code-archive/v2/code.google.com/closure-compiler/issues/issue-691.json
136,Closure,35,TypeCheckTest,testIssue669,1,['22784dc96c391b01692ce686eb93b9aa0ef74ede'],https://storage.googleapis.com/google-code-archive/v2/code.google.com/closure-compiler/issues/issue-669.json
137,Closure,36,IntegrationTest,testSingletonGetter1,1,['be397ee0d0be2aad8f71d12f097b17563866445a'],https://storage.googleapis.com/google-code-archive/v2/code.google.com/closure-compiler/issues/issue-668.json
138,Closure,37,IntegrationTest,testIncompleteFunction,1,['7e93d521cb67ce33018315234fafe8a5aa30ee1e'],https://storage.googleapis.com/google-code-archive/v2/code.google.com/closure-compiler/issues/issue-663.json
139,Closure,38,CodePrinterTest,testMinusNegativeZero,1,['8cf08115c6b252f8c6b54348a4089dccc45a01fb'],https://storage.googleapis.com/google-code-archive/v2/code.google.com/closure-compiler/issues/issue-657.json
140,Closure,39,RecordTypeTest,testLongToString,3,"['febdacb341025491b3ae83ee8ffa9d22c69c295e', '4a1a31c6a50a0fbe25fa33277909bd51f1deb8e9', 'd577973fb378dfe0d05991ec0dfa6c1f40e574ee']",https://storage.googleapis.com/google-code-archive/v2/code.google.com/closure-compiler/issues/issue-643.json
141,Closure,39,RecordTypeTest,testRecursiveRecord,3,"['febdacb341025491b3ae83ee8ffa9d22c69c295e', 'd577973fb378dfe0d05991ec0dfa6c1f40e574ee']",https://storage.googleapis.com/google-code-archive/v2/code.google.com/closure-compiler/issues/issue-643.json
142,Closure,40,IntegrationTest,testIssue284,1,['6ebc0c3d7d4da7d2cf95f53d4ea790e89d3abc7a'],https://storage.googleapis.com/google-code-archive/v2/code.google.com/closure-compiler/issues/issue-284.json
143,Closure,40,NameAnalyzerTest,testIssue284,1,['6ebc0c3d7d4da7d2cf95f53d4ea790e89d3abc7a'],https://storage.googleapis.com/google-code-archive/v2/code.google.com/closure-compiler/issues/issue-284.json
144,Closure,41,LooseTypeCheckTest,testMethodInference6,3,"['de13c3313c05f4449c50c560324389d6905a214d', '00b1517c53912ac6843c257c0a6ead1176e8c5ee']",https://storage.googleapis.com/google-code-archive/v2/code.google.com/closure-compiler/issues/issue-368.json
145,Closure,41,TypeCheckTest,testIssue368,1,['00b1517c53912ac6843c257c0a6ead1176e8c5ee'],https://storage.googleapis.com/google-code-archive/v2/code.google.com/closure-compiler/issues/issue-368.json
146,Closure,41,TypeCheckTest,testMethodInference6,3,"['77b7c78d4aeeb6471f2f668a06c0f61a68f95ccd', '00b1517c53912ac6843c257c0a6ead1176e8c5ee']",https://storage.googleapis.com/google-code-archive/v2/code.google.com/closure-compiler/issues/issue-368.json
147,Closure,42,ParserTest,testForEach,1,['fb01427a445ebfeb3af5e220a98ccaced339b73e'],https://storage.googleapis.com/google-code-archive/v2/code.google.com/closure-compiler/issues/issue-644.json
148,Closure,43,TypeCheckTest,testLends10,1,['f636f23bdef4b27752ca249a28463ec1b6af1f0b'],https://storage.googleapis.com/google-code-archive/v2/code.google.com/closure-compiler/issues/issue-314.json
149,Closure,43,TypeCheckTest,testLends11,1,['f636f23bdef4b27752ca249a28463ec1b6af1f0b'],https://storage.googleapis.com/google-code-archive/v2/code.google.com/closure-compiler/issues/issue-314.json
150,Closure,44,CodePrinterTest,testIssue620,1,['64bb2291f9a9bbab67d865dffe603f8a0df8ef30'],https://storage.googleapis.com/google-code-archive/v2/code.google.com/closure-compiler/issues/issue-620.json
151,Closure,45,RemoveUnusedVarsTest,testIssue618_1,1,['6aa71f116df0102a98c463f471ad8ddd4dba01f8'],https://storage.googleapis.com/google-code-archive/v2/code.google.com/closure-compiler/issues/issue-618.json
152,Closure,46,JSTypeTest,testRecordTypeLeastSuperType2,3,"['845f5ff65858fd0d1829f3d2f16f758725e8028f', 'cf5fd88f13f0b11625ac407f85cb58b36862e173', '6bbac115c9a7928a7053b2da3a78df9569df8570', '4a1a31c6a50a0fbe25fa33277909bd51f1deb8e9']",https://storage.googleapis.com/google-code-archive/v2/code.google.com/closure-compiler/issues/issue-603.json
153,Closure,46,JSTypeTest,testRecordTypeLeastSuperType3,3,"['845f5ff65858fd0d1829f3d2f16f758725e8028f', 'cf5fd88f13f0b11625ac407f85cb58b36862e173', '6bbac115c9a7928a7053b2da3a78df9569df8570', '4a1a31c6a50a0fbe25fa33277909bd51f1deb8e9']",https://storage.googleapis.com/google-code-archive/v2/code.google.com/closure-compiler/issues/issue-603.json
154,Closure,46,RecordTypeTest,testSupAndInf,1,['4a1a31c6a50a0fbe25fa33277909bd51f1deb8e9'],https://storage.googleapis.com/google-code-archive/v2/code.google.com/closure-compiler/issues/issue-603.json
157,Closure,47,SourceMapGeneratorV3Test,testBasicMappingGoldenOutput,3,"['ef2dd6e0723162aaf56cf58eeede68622caeca37', 'ffd701db8fd53ccb34c32b954227e65a33b77c84', 'aedce35970673f20696d5721acba13e986cc764c']",https://storage.googleapis.com/google-code-archive/v2/code.google.com/closure-compiler/issues/issue-575.json
158,Closure,47,SourceMapGeneratorV3Test,testGoldenOutput0a,1,['aedce35970673f20696d5721acba13e986cc764c'],https://storage.googleapis.com/google-code-archive/v2/code.google.com/closure-compiler/issues/issue-575.json
159,Closure,47,SourceMapGeneratorV3Test,testGoldenOutput1,3,"['ef2dd6e0723162aaf56cf58eeede68622caeca37', 'ffd701db8fd53ccb34c32b954227e65a33b77c84', 'aedce35970673f20696d5721acba13e986cc764c']",https://storage.googleapis.com/google-code-archive/v2/code.google.com/closure-compiler/issues/issue-575.json
160,Closure,47,SourceMapGeneratorV3Test,testGoldenOutput2,3,"['ef2dd6e0723162aaf56cf58eeede68622caeca37', 'ffd701db8fd53ccb34c32b954227e65a33b77c84', 'aedce35970673f20696d5721acba13e986cc764c']",https://storage.googleapis.com/google-code-archive/v2/code.google.com/closure-compiler/issues/issue-575.json
161,Closure,47,SourceMapGeneratorV3Test,testGoldenOutput3,3,"['ef2dd6e0723162aaf56cf58eeede68622caeca37', 'aedce35970673f20696d5721acba13e986cc764c']",https://storage.googleapis.com/google-code-archive/v2/code.google.com/closure-compiler/issues/issue-575.json
162,Closure,47,SourceMapGeneratorV3Test,testGoldenOutput4,3,"['ef2dd6e0723162aaf56cf58eeede68622caeca37', 'aedce35970673f20696d5721acba13e986cc764c']",https://storage.googleapis.com/google-code-archive/v2/code.google.com/closure-compiler/issues/issue-575.json
163,Closure,47,SourceMapGeneratorV3Test,testGoldenOutput5,3,"['ef2dd6e0723162aaf56cf58eeede68622caeca37', 'aedce35970673f20696d5721acba13e986cc764c']",https://storage.googleapis.com/google-code-archive/v2/code.google.com/closure-compiler/issues/issue-575.json
165,Closure,47,SourceMapGeneratorV3Test,testLiteralMappingsGoldenOutput,3,"['ef2dd6e0723162aaf56cf58eeede68622caeca37', 'ffd701db8fd53ccb34c32b954227e65a33b77c84', 'aedce35970673f20696d5721acba13e986cc764c']",https://storage.googleapis.com/google-code-archive/v2/code.google.com/closure-compiler/issues/issue-575.json
171,Closure,48,TypeCheckTest,testIssue586,1,['46da17d59abb4f9c48b6ffd31601c212490b970b'],https://storage.googleapis.com/google-code-archive/v2/code.google.com/closure-compiler/issues/issue-586.json
172,Closure,49,FunctionInjectorTest,testBug1897706,3,"['6b49cfd9022fe111bdad745c78ea877fbc2f7ba3', '3df1d1eeb4a5868e5331ee98fb6748a2f1ccedba', '1a7ba5cb0111dd3ed9afd9691cab39b3c341e408']",https://storage.googleapis.com/google-code-archive/v2/code.google.com/closure-compiler/issues/issue-539.json
611,Codec,1,CaverphoneTest,testLocaleIndependence,1,['52d82d1dfff8c2b2ded9d843e0b03017af6d747c'],https://issues.apache.org/jira/browse/CODEC-65
612,Codec,1,DoubleMetaphoneTest,testLocaleIndependence,1,['52d82d1dfff8c2b2ded9d843e0b03017af6d747c'],https://issues.apache.org/jira/browse/CODEC-65
613,Codec,1,MetaphoneTest,testLocaleIndependence,1,['52d82d1dfff8c2b2ded9d843e0b03017af6d747c'],https://issues.apache.org/jira/browse/CODEC-65
614,Codec,1,RefinedSoundexTest,testLocaleIndependence,1,['52d82d1dfff8c2b2ded9d843e0b03017af6d747c'],https://issues.apache.org/jira/browse/CODEC-65
615,Codec,1,SoundexTest,testLocaleIndependence,1,['52d82d1dfff8c2b2ded9d843e0b03017af6d747c'],https://issues.apache.org/jira/browse/CODEC-65
618,Codec,3,DoubleMetaphone2Test,testDoubleMetaphoneAlternate,3,"['3b8cd11d086e4e09e801deb114d34abb80175ac0', 'a5dfe5cbc95d7f3ce0b4829756690c2cb8439f4c']",https://issues.apache.org/jira/browse/CODEC-84
619,Codec,4,Base64Codec13Test,testBinaryEncoder,1,['cbe33f0a85fd9f2c04efb96296a26880995618b0'],https://issues.apache.org/jira/browse/CODEC-89
620,Codec,4,Base64Codec13Test,testEncoder,1,['cbe33f0a85fd9f2c04efb96296a26880995618b0'],https://issues.apache.org/jira/browse/CODEC-89
655,Collections,26,MultiKeyTest,testEqualsAfterSerializationOfDerivedClass,1,['f8bd75d37ca12c5d49c1b628c33c0b45e2d082eb'],https://issues.apache.org/jira/browse/COLLECTIONS-576
658,Compress,1,CpioTestCase,testCpioUnarchive,3,"['70c8320f7f592d325e8c89a294a1b2db70595f65', '004124ac5dbf5edbf925078652526267468821e7']",https://issues.apache.org/jira/browse/COMPRESS-28
659,Compress,2,ArTestCase,testArDelete,2,"['99696beab393fbaf96cf040c64b798c76e921cd9', 'cd71b5e41d3a001cda232275ade26f2b77fe0854', 'c3a8a1c58e4e249aa39dc1ccd0b9b7b49efe5e97', 'e0b8b9495baf6d69ba7d773539faec09405c6014', '29f1d08cebf3e13af884b6155988c0bf90dc51bf']",https://issues.apache.org/jira/browse/COMPRESS-11
660,Compress,3,ArchiveOutputStreamTest,testFinish,1,['d170f34fa65e19b604f5a9e04e6ed5f81d35658c'],https://issues.apache.org/jira/browse/COMPRESS-64
661,Compress,4,JarArchiveOutputStreamTest,testJarMarker,3,"['1903db40e53210537fd022ac5cd922323959ff0e', '0860a7c84864406ac7c2f3d617b8a4caacb7614f', '6273f3a6b804aa845747c8859d659373b14199e1']",https://issues.apache.org/jira/browse/COMPRESS-64
671,Compress,5,Maven221MultiVolumeTest,testRead7ZipMultiVolumeArchiveForStream,1,['dc3fc4703211876fb38cccf55adc92ee5cbc28d0'],https://issues.apache.org/jira/browse/COMPRESS-87
672,Compress,6,ZipArchiveEntryTest,testNotEquals,1,['5066e9aeb98f386b29a31cd4acb97aa43844cd30'],https://issues.apache.org/jira/browse/COMPRESS-94
674,Compress,8,TarUtilsTest,testParseOctalInvalid,1,['35e4e4fb6848ddfa3878270523f3f9336ae7f9b8'],https://issues.apache.org/jira/browse/COMPRESS-113
675,Compress,9,TarArchiveOutputStreamTest,testCount,1,['fdac1475918e93444b08a024d096b4ec39d6733d'],https://issues.apache.org/jira/browse/COMPRESS-160
677,Compress,11,ArchiveStreamFactoryTest,shortTextFilesAreNoTARs,1,['a933173f486614073b68b6c0a6ef09a9c72c94fc'],https://issues.apache.org/jira/browse/COMPRESS-171
678,Compress,12,TarTestCase,testCOMPRESS178,1,['bc84d2083e4b1da77547bb4e810a06553e8f0bed'],https://issues.apache.org/jira/browse/COMPRESS-178
679,Compress,13,ZipArchiveInputStreamTest,winzipBackSlashWorkaround,1,['c75c10faae27781aeb51713f42153cad1fd242a4'],https://issues.apache.org/jira/browse/COMPRESS-176
680,Compress,13,ZipFileTest,testWinzipBackSlashWorkaround,1,['c75c10faae27781aeb51713f42153cad1fd242a4'],https://issues.apache.org/jira/browse/COMPRESS-176
681,Compress,14,TarArchiveInputStreamTest,workaroundForBrokenTimeHeader,1,['40f2e6380094ebfdc73e4adaf4059b80e1327aad'],https://issues.apache.org/jira/browse/COMPRESS-181
730,Csv,1,CSVParserTest,testGetLineNumberWithCR,1,['c4e120bbf42cf3981a629582ea722dacea9db19e'],https://issues.apache.org/jira/browse/CSV-75
731,Csv,2,CSVRecordTest,testGetStringInconsistentRecord,1,['a0d975933d6fe9eb5f359088de43508c1d3109bf'],https://issues.apache.org/jira/browse/CSV-96
732,Csv,3,CSVLexerTest,testEscapedCharacter,2,"['3a1806ba26c3088de58ed5898f278dcd075b0552', 'dbbae1eccdf486c70204f99f1a938c26fc062e2f', 'eb13cb152a3e7ab53feb5b3a11c960fb91f59a97', '09a6e887b891152ebebb3c2df9e0d8a8dcfa3a52', '2c6120826245f89fedf2f936ab4a0c3edd8717f3']",https://issues.apache.org/jira/browse/CSV-58
733,Csv,3,CSVLexerTest,testEscapedMySqlNullValue,2,"['3a1806ba26c3088de58ed5898f278dcd075b0552', 'dbbae1eccdf486c70204f99f1a938c26fc062e2f', '09a6e887b891152ebebb3c2df9e0d8a8dcfa3a52', '16e12d213016d30376e2bcc5cabc299bcfa765f7', '2c6120826245f89fedf2f936ab4a0c3edd8717f3']",https://issues.apache.org/jira/browse/CSV-58
756,Gson,3,MapTest,testConcurrentMap,1,['fef43b2aaa4fd7cb8f0dff395980c69f614635af'],https://github.com/google/gson/issues/624
757,Gson,3,MapTest,testConcurrentNavigableMap,1,['fef43b2aaa4fd7cb8f0dff395980c69f614635af'],https://github.com/google/gson/issues/624
762,Gson,6,JsonAdapterNullSafeTest,testNullSafeBugDeserialize,3,"['79a00cd90695c9ab72f301ca30fe2cbbc1fe8e36', '1fa43821e829c455db89f9b75737d109c01dfd2c', '1ab73ffd21d8c08bbe734154921a936e4a8cb091']",https://github.com/google/gson/pull/800
763,Gson,6,JsonAdapterNullSafeTest,testNullSafeBugSerialize,3,"['79a00cd90695c9ab72f301ca30fe2cbbc1fe8e36', '1ab73ffd21d8c08bbe734154921a936e4a8cb091']",https://github.com/google/gson/pull/800
767,Gson,8,UnsafeAllocatorInstantiationTest,testAbstractClassInstantiation,1,['ab40462cc76f6708e3ce2e981f5c6b485347702b'],https://github.com/google/gson/issues/817
768,Gson,8,UnsafeAllocatorInstantiationTest,testInterfaceInstantiation,1,['ab40462cc76f6708e3ce2e981f5c6b485347702b'],https://github.com/google/gson/issues/817
789,JacksonCore,2,TestParserErrorHandling,testMangledNumbersBytes,1,['38d6e35d1f1a9b48193804925517500de8efee1f'],https://github.com/FasterXML/jackson-core/issues/105
790,JacksonCore,2,TestParserErrorHandling,testMangledNumbersChars,1,['38d6e35d1f1a9b48193804925517500de8efee1f'],https://github.com/FasterXML/jackson-core/issues/105
791,JacksonCore,3,TestLocation,testOffsetWithInputOffset,1,['911cca0254267decd90a4b6a9c0610549309a451'],https://github.com/FasterXML/jackson-core/issues/111
793,JacksonCore,5,TestJsonPointer,testWonkyNumber173,1,['0d9cd9fa434c0070638332b7f2243af0277461eb'],https://github.com/FasterXML/jackson-core/issues/173
795,JacksonCore,7,GeneratorFailTest,testFailOnWritingStringNotFieldNameBytes,1,['5cddffa133e7de41fa9efb5962cf3d0cff9b3e89'],https://github.com/FasterXML/jackson-core/issues/177
796,JacksonCore,7,GeneratorFailTest,testFailOnWritingStringNotFieldNameChars,1,['5cddffa133e7de41fa9efb5962cf3d0cff9b3e89'],https://github.com/FasterXML/jackson-core/issues/177
797,JacksonCore,8,TestTextBuffer,testEmpty,1,['11f0b4090937b2aa998734aa2bf032ee8c428e84'],https://github.com/FasterXML/jackson-core/issues/182
801,JacksonCore,10,TestSymbolTables,testCollisionsWithBytesNew187b,3,"['fe4ca6a0ec9092a66ba42ad8efd7a7fee166a8e3', '8fbde688c8502bedaeee121b75598b1882d43d9e', 'c2823b4de28120d86aeba9215f0231d990a8eb47']",https://github.com/FasterXML/jackson-core/issues/207
802,JacksonCore,10,TestSymbolTables,testShortNameCollisionsDirectNew,3,"['8394dbcce82edd037f1a83d905d5a3c7c11f046b', '6a637520ac13991f4864c47f72d7459d551390a5', 'c2823b4de28120d86aeba9215f0231d990a8eb47']",https://github.com/FasterXML/jackson-core/issues/207
803,JacksonCore,10,TestSymbolTables,testSyntheticWithBytesNew,3,"['aa65eaacdaa0aa35a14fa803c5bd217dc63ccdb9', 'e0a02273c70bb5d44ebbe70e97aec06e83a28f99', 'fe4ca6a0ec9092a66ba42ad8efd7a7fee166a8e3', '88391ccd5f494490d183306368da42b79b36cd26', '86b31e7772a491285d13063777c2497b8b9bb3c3', 'c2823b4de28120d86aeba9215f0231d990a8eb47']",https://github.com/FasterXML/jackson-core/issues/207
841,JacksonDatabind,1,TestPOJOAsArray,testNullColumn,1,['88f44d87d4c2251d7cf55d9aa9c3452a397ae19b'],https://github.com/FasterXML/jackson-databind/issues/223
842,JacksonDatabind,2,TestConversions,testConversionOfPojos,1,['9c5fec2302237ede0e797c13c0663a6bb52c798c'],https://github.com/FasterXML/jackson-databind/issues/467
843,JacksonDatabind,3,TestArrayDeserialization,testStringArray,3,"['a63c2038a03c7090ce4773d6cf54809150e59350', '798390aa9d6474a31ddf02774d167502474efdc4', '8ba07ccfb014690281668eb46e5be6bd1883e61a', 'fa1d99255915f21c868f28307fd6e3adb2029ea0']",https://github.com/FasterXML/jackson-databind/issues/479
844,JacksonDatabind,4,TestCollectionDeserialization,testArrayIndexForExceptions,1,['9e080e298d8c0cfd7d77a56eb93d85a5da322555'],https://github.com/FasterXML/jackson-databind/issues/506
845,JacksonDatabind,5,TestMixinMerging,testDisappearingMixins515,1,['fd0f1fefdc19593a040b3dce857715d613cb6458'],https://github.com/FasterXML/jackson-databind/issues/515
846,JacksonDatabind,6,TestDateDeserialization,testISO8601MissingSeconds,1,['5e799a2e2265cbb6a056b37b50f82cc1eebf1d45'],https://github.com/FasterXML/jackson-databind/issues/570
847,JacksonDatabind,6,TestDateDeserialization,testISO8601PartialMilliseconds,1,['5e799a2e2265cbb6a056b37b50f82cc1eebf1d45'],https://github.com/FasterXML/jackson-databind/issues/570
848,JacksonDatabind,7,TestCreatorsDelegating,testDelegateWithTokenBuffer,1,['bcccd3e82241db25a2f34ed655dab88395089f39'],https://github.com/FasterXML/jackson-databind/issues/592
849,JacksonDatabind,8,TestJdkTypes,testStringBuilder,1,['3b041e3bad5968ade7f7519daeef6695a8f6b7f9'],https://github.com/FasterXML/jackson-databind/issues/667
850,JacksonDatabind,9,TestMapSerialization,testClassKey,1,['00bb11edc3581f42e1f3c78a047538c8ea9eb0d9'],https://github.com/FasterXML/jackson-databind/issues/682
851,JacksonDatabind,10,TestAnyGetter,testIssue705,1,['466f706901d39ae95393c6c7b1d0b544247922f1'],https://github.com/FasterXML/jackson-databind/issues/705
852,JacksonDatabind,11,TestJavaType,testLocalType728,1,['66bfe6658e6c25e03d1bcd5d4d858e1aaf738a01'],https://github.com/FasterXML/jackson-databind/issues/609
854,JacksonDatabind,12,TestCustomDeserializers,testCustomMapValueDeser735,1,['1d57c20dfd79c64837cf1ec357ab402f2158227e'],https://github.com/FasterXML/jackson-databind/issues/735
855,JacksonDatabind,13,TestObjectIdDeserialization,testNullObjectId,1,['59af571c64a169eccd670337f097ff4be44a2262'],https://github.com/FasterXML/jackson-databind/issues/742
856,JacksonDatabind,14,TestUpdateValue,testIssue744,1,['817a45a07040297a5db45dd04e79b010146b7e0d'],https://github.com/FasterXML/jackson-databind/issues/744
857,JacksonDatabind,15,TestConvertingSerializer,testIssue731,1,['119ddc9701c94ac184362166742ceaa7437eec8f'],https://github.com/FasterXML/jackson-databind/issues/731
858,JacksonDatabind,16,MixinsWithBundlesTest,testMixinWithBundles,1,['6dcb13f70fb1c68b0c055bfb1dae2b296ae67b03'],https://github.com/FasterXML/jackson-databind/issues/771
859,JacksonDatabind,17,TestJsonNode,testArrayWithDefaultTyping,1,['a143c05db7a911f98f8bf59beb13cfcb7689395d'],https://github.com/FasterXML/jackson-databind/issues/793
860,JacksonDatabind,18,ReadRecoveryTest,testRootBeans,3,"['436c309b2951b5c65509990f2990c1795305a840', 'a936f43366a942cad8f16a0dedebf71d7868c969', '2abf5a321405a82ed4e0d3a7c876c82bb05188f9']",https://github.com/FasterXML/jackson-databind/issues/734
861,JacksonDatabind,18,ReadRecoveryTest,testSimpleArrayRecovery,1,['2abf5a321405a82ed4e0d3a7c876c82bb05188f9'],https://github.com/FasterXML/jackson-databind/issues/734
862,JacksonDatabind,18,ReadRecoveryTest,testSimpleRootRecovery,1,['2abf5a321405a82ed4e0d3a7c876c82bb05188f9'],https://github.com/FasterXML/jackson-databind/issues/734
866,JacksonDatabind,20,TestNamingStrategyStd,testNamingWithObjectNode,1,['6456a9ac0bee09e2ae45ae56739102a8071f217a'],https://github.com/FasterXML/jackson-databind/issues/815
867,JacksonDatabind,21,TestEnumDeserialization,testEnumWithJsonPropertyRename,1,['707db7a972e2d088647450f9a890c438fb735933'],https://github.com/FasterXML/jackson-databind/issues/677
869,JacksonDatabind,23,TestJsonSerialize2,testEmptyInclusionScalars,1,['6172d7561007a941b01f960dd44d94a92f3ad763'],https://github.com/FasterXML/jackson-databind/issues/849
973,JacksonXml,1,NestedUnwrappedLists180Test,testNestedUnwrappedLists180,2,"['3edad6c637cbc9fe364f4c93cb17d82d96b293d1', '89065364ba7b0371203bf96d1e16404b3b0c533f', 'ad178abf96dc0922fc7d645595f0d66e27fa5482', '2d7683ed820116b77cba9b4b290cd7ce7dfa5cf4']",https://github.com/FasterXML/jackson-dataformat-xml/issues/180
974,JacksonXml,1,NestedUnwrappedListsTest,testNestedWithEmpty,3,"['9d3997cb5b4ba817707191ce57eb5812105c146d', '2d7683ed820116b77cba9b4b290cd7ce7dfa5cf4']",https://github.com/FasterXML/jackson-dataformat-xml/issues/180
985,Jsoup,1,ParserTest,createsStructureFromBodySnippet,1,"['27a52f90a25699bebe23ff1ff94d6db361fdb11d', '5000be31966a575f54d80ef85ee49ca1f5cb6ea8']",https://github.com/jhy/jsoup/issues/23
986,Jsoup,2,ParserTest,handlesTextAfterData,1,"['bb4ead7c350695c1ed3c52d028090da4d4cecd1e', '5000be31966a575f54d80ef85ee49ca1f5cb6ea8']",https://github.com/jhy/jsoup/issues/22
987,Jsoup,3,ElementTest,testAppendRowToTable,1,['0081d162cca8ad23b500b53799195fec644f261b'],https://github.com/jhy/jsoup/issues/21
988,Jsoup,3,ElementTest,testPrependRowToTable,1,['0081d162cca8ad23b500b53799195fec644f261b'],https://github.com/jhy/jsoup/issues/21
989,Jsoup,3,ParserTest,handlesNestedImplicitTable,1,"['0081d162cca8ad23b500b53799195fec644f261b', '78d40f41b9567d7e8a0c891f31b7deee2b1f3f19', '8749726a79c22451b1f01b14fb2137f734e926b4', '5000be31966a575f54d80ef85ee49ca1f5cb6ea8']",https://github.com/jhy/jsoup/issues/21
990,Jsoup,4,EntitiesTest,caseSensitive,1,"['5e52f1b266173593fab32fe9d8a4963066b2f2fe', '43e17dc7f7c32e937448cff716e9af7aa40e5ec3']",https://github.com/jhy/jsoup/issues/31
991,Jsoup,4,EntitiesTest,escape,3,"['f8841edabba28d6125dd87ed72f557e85570066b', '935cab0e00f289ce5369f4c217b5eb3a3d9e33e7', '5e52f1b266173593fab32fe9d8a4963066b2f2fe', '528b793d86be485f7b4fff51f97e67708eb632da', '20ed24cefb5df53c48021459af98bef83c55f241', '2e4969497c5734d90d394103728bb517644f9157', 'f317c04acf821d61601f5d986252db40505153bc', '472c7e55ee9d5cc7e7771696092c6eeca5a91b4d', 'a31ec08e102fd3832f3ff4449e9163440f0afb2c', 'c2a9605b70fdae3c064b49bf2a0b633c935322cc', 'ae51709b8c07098fa688ec6be0b5a7dec7654178', 'a991deb4430343e8f22de5d5aa51f829bab52315', '6c4f16f233cdfd7aedef33374609e9aa4ede255c', '9e1ca808ee75ec5269bfab9c3e583792cee494c1', '43e17dc7f7c32e937448cff716e9af7aa40e5ec3', 'a025d87deb9cc4cda49ae1b77feb0f29805dd7c5', 'aa81e10c34f48a3c4ac7160aa90ee18af4f5c0c2', '973234bc842b0de2febea195f7819236b57fd992']",https://github.com/jhy/jsoup/issues/31
992,Jsoup,5,ParserTest,parsesQuiteRoughAttributes,1,"['62afbdf6a85fec75fde38d327928a180bc5bccb3', '5000be31966a575f54d80ef85ee49ca1f5cb6ea8']",https://github.com/jhy/jsoup/issues/32
993,Jsoup,6,EntitiesTest,quoteReplacements,1,['20ed24cefb5df53c48021459af98bef83c55f241'],https://github.com/jhy/jsoup/issues/34
994,Jsoup,6,ParseTest,testYahooArticle,1,['20ed24cefb5df53c48021459af98bef83c55f241'],https://github.com/jhy/jsoup/issues/34
995,Jsoup,7,DocumentTest,testNormalisesStructure,1,['82855b07f5336d30c70dc20548ab7ab8adeac05e'],https://github.com/jhy/jsoup/issues/43
996,Jsoup,8,ElementTest,parentlessToString,1,['da9b977ef99e2595602a964561906a930b4332f3'],https://github.com/jhy/jsoup/issues/45
997,Jsoup,9,EntitiesTest,unescape,3,"['f8841edabba28d6125dd87ed72f557e85570066b', '935cab0e00f289ce5369f4c217b5eb3a3d9e33e7', '5e52f1b266173593fab32fe9d8a4963066b2f2fe', '20ed24cefb5df53c48021459af98bef83c55f241', '2e4969497c5734d90d394103728bb517644f9157', 'f317c04acf821d61601f5d986252db40505153bc', '472c7e55ee9d5cc7e7771696092c6eeca5a91b4d', 'a31ec08e102fd3832f3ff4449e9163440f0afb2c', 'a991deb4430343e8f22de5d5aa51f829bab52315', '6c4f16f233cdfd7aedef33374609e9aa4ede255c', 'aa81e10c34f48a3c4ac7160aa90ee18af4f5c0c2']",https://github.com/jhy/jsoup/issues/46
998,Jsoup,10,NodeTest,absHandlesRelativeQuery,1,['adce18ec3d06b849886d203fe932205f312cc37f'],https://github.com/jhy/jsoup/issues/49
999,Jsoup,11,SelectorTest,notAll,1,['f462438f2ebfb354c823cd2c0b677b0674f0e80c'],https://github.com/jhy/jsoup/issues/36
1000,Jsoup,11,SelectorTest,notClass,1,['f462438f2ebfb354c823cd2c0b677b0674f0e80c'],https://github.com/jhy/jsoup/issues/36
1001,Jsoup,11,SelectorTest,notParas,1,['f462438f2ebfb354c823cd2c0b677b0674f0e80c'],https://github.com/jhy/jsoup/issues/36
1003,Jsoup,12,SelectorTest,testByAttributeRegexCombined,1,['d0a7e3a00350ea9bdca6a1f005ccc75e5b2d19d4'],https://github.com/jhy/jsoup/issues/52
1004,Jsoup,13,ElementsTest,absAttr,1,"['411c01ff53f56f0b84bee210ad75c8c2114efa55', '16b2ab8e25e6bea39ae04f9d310331e411fb2e65']",https://github.com/jhy/jsoup/issues/97
1005,Jsoup,13,ElementsTest,hasAbsAttr,1,['411c01ff53f56f0b84bee210ad75c8c2114efa55'],https://github.com/jhy/jsoup/issues/97
1006,Jsoup,13,NodeTest,handlesAbsPrefix,3,"['e322266704817edd0a19e05207a15b791ca160b6', '411c01ff53f56f0b84bee210ad75c8c2114efa55']",https://github.com/jhy/jsoup/issues/97
1007,Jsoup,13,NodeTest,handlesAbsPrefixOnHasAttr,1,['411c01ff53f56f0b84bee210ad75c8c2114efa55'],https://github.com/jhy/jsoup/issues/97
1008,Jsoup,14,ParserTest,handlesUnclosedTitle,1,"['437d8eca9f51dd0ed7af5b828412ee96ac192f17', '5000be31966a575f54d80ef85ee49ca1f5cb6ea8']",https://github.com/jhy/jsoup/issues/82
1011,Jsoup,16,DocumentTypeTest,constructorValidationThrowsExceptionOnBlankName,1,"['f36b950de16f6db134bd98969cd8fbe578d37480', 'b033535fe2cf887de8076221a0d614abfcf17d7b']",https://github.com/jhy/jsoup/issues/109
1012,Jsoup,16,DocumentTypeTest,outerHtmlGeneration,1,['f36b950de16f6db134bd98969cd8fbe578d37480'],https://github.com/jhy/jsoup/issues/109
1013,Jsoup,17,ParserTest,handles0CharacterAsText,1,"['3d6f1e47ccf93d01364ed5f7603fa66d43eae0e2', '5000be31966a575f54d80ef85ee49ca1f5cb6ea8']",https://github.com/jhy/jsoup/issues/107
1129,JxPath,1,DOMModelTest,testGetNode,3,"['092f813c88ecbf67625f11743e914f9f174e0224', 'fab38abb27f2f92b9340cfc232eb5517434bf138']",https://issues.apache.org/jira/browse/JXPATH-12
1130,JxPath,1,JDOMModelTest,testGetNode,3,"['092f813c88ecbf67625f11743e914f9f174e0224', 'fab38abb27f2f92b9340cfc232eb5517434bf138']",https://issues.apache.org/jira/browse/JXPATH-12
1131,JxPath,2,ExtensionFunctionTest,testNodeSetReturn,3,"['77af585d9f0e629db4ecf8d468ef7b71c9d98e39', '716c03b3b12ec106974898451b149f6eb79c65da']",https://issues.apache.org/jira/browse/JXPATH-50
1132,JxPath,3,BadlyImplementedFactoryTest,testBadFactoryImplementation,1,['984778f3c264df5d608eb9697df2a268122ac66f'],https://issues.apache.org/jira/browse/JXPATH-68
1133,JxPath,4,XMLSpaceTest,testNestedDOM,1,['9f912437a14392f8d4c98aa811e9134fbf7b5a52'],https://issues.apache.org/jira/browse/JXPATH-83
1134,JxPath,4,XMLSpaceTest,testNestedJDOM,1,['9f912437a14392f8d4c98aa811e9134fbf7b5a52'],https://issues.apache.org/jira/browse/JXPATH-83
1135,JxPath,4,XMLSpaceTest,testNestedWithCommentsDOM,1,['9f912437a14392f8d4c98aa811e9134fbf7b5a52'],https://issues.apache.org/jira/browse/JXPATH-83
1166,Lang,1,NumberUtilsTest,TestLang747,1,['687b2e62b7c6e81cd9d5c872b7fa9cc8fd3f1509'],https://issues.apache.org/jira/browse/LANG-747
1167,Lang,3,NumberUtilsTest,testStringCreateNumberEnsureNoPrecisionLoss,1,['2c9c8753165dc7ce5dd1d5a6d741b445b33302c2'],https://issues.apache.org/jira/browse/LANG-693
1168,Lang,4,LookupTranslatorTest,testLang882,1,['fb47b96ab635d7cc6e9edefdddc46f1baf63b117'],https://issues.apache.org/jira/browse/LANG-882
1170,Lang,6,StringUtilsTest,testEscapeSurrogatePairs,1,['cff0f1ae37bb2b7ab2dcdb10dec1f3cad7532e1c'],https://issues.apache.org/jira/browse/LANG-857
1171,Lang,7,NumberUtilsTest,testCreateNumber,3,"['61f0f1640387a5e07a4904aa6adec9363ec5e2fc', 'af2f23ee1deb9e05244ca604cd0248dd21227a12', '474154014bc9cc9eff614a3378ce074bc120245e', 'e819ef4e4936b493ebc39d2f47baa0b7cbc72db7', 'da0612b348fcfa7679b92a5e9b8e1603e8e2da3a', 'c2560c028173c3bc0a4627d4ce5ce221bcc9be66', '483f81c04062a9d9bc52b36aba68908d1387b629', '5075750b6effaf76c9965a00fae001067454a628', '0d059443776a539ed955bd50ac2c2812067c98ae', '32778350ae36478878ee8415d64afe53bb2e3f28', '5c1a57a6f8144aee9736f01f3b27d45ad95c3371', '922f4e3258b7cd7481bb69db029ab92e974efd06', '448fe31b0d1396c14901abcd272d205deaf6b853', '13c7f19a5ad506340a7c8d8601ef4bf2426ab325', 'e71f6dd3f2f70c640ae73d28b432b3a69ffcab4b']",https://issues.apache.org/jira/browse/LANG-822
1172,Lang,8,FastDateFormat_PrinterTest,testCalendarTimezoneRespected,1,['a4a455053e7e4a77320efd6db0814f4de82d754d'],https://issues.apache.org/jira/browse/LANG-818
1173,Lang,8,FastDatePrinterTest,testCalendarTimezoneRespected,1,['a4a455053e7e4a77320efd6db0814f4de82d754d'],https://issues.apache.org/jira/browse/LANG-818
1181,Lang,13,SerializationUtilsTest,testPrimitiveTypeClassSerialization,1,['bd59a1908a1df3364918be7b07782500616b15ac'],https://issues.apache.org/jira/browse/LANG-788
1182,Lang,14,StringUtilsEqualsIndexOfTest,testEquals,3,"['d23b22c78078ee7468e797e80188ae9508c0eee0', 'cf7211f9d7d70d56501d8c4c827bf9ce3cac5f0b']",https://issues.apache.org/jira/browse/LANG-786
1186,Lang,17,StringEscapeUtilsTest,testLang720,1,['b4255e6d071dc8d48bfc51037cecb29097b9a49d'],https://issues.apache.org/jira/browse/LANG-720
1188,Lang,19,NumericEntityUnescaperTest,testOutOfBounds,3,"['8bbab3898bb91f1efa442b3997f92be8ce191d02', '0b3a8a3128890f710700d04e38df48b883d11d91']",https://issues.apache.org/jira/browse/LANG-710
1189,Lang,19,NumericEntityUnescaperTest,testUnfinishedEntity,1,['0b3a8a3128890f710700d04e38df48b883d11d91'],https://issues.apache.org/jira/browse/LANG-710
1190,Lang,20,StringUtilsTest,testJoin_ArrayChar,3,"['a76a3fc75bdab7cecf9198f1d6dea42bd0fae94c', 'b8a3272c957ca51b3908acfcfa53d9fefb2fb764', 'f08213cc4c35fd71e98aa5233fcb2db3333793a2']",https://issues.apache.org/jira/browse/LANG-703
1191,Lang,20,StringUtilsTest,testJoin_Objectarray,3,"['1e9618c34ea60cc214761a6618024c28aa712a51', 'cb2147f57149b05220a7392eb532713e2fd14035', '68ee605f122b1f993bb2d69b6aee60ab1a0269f4', '934bfda1de1319419ed77a546b7430909da224f5', 'f08213cc4c35fd71e98aa5233fcb2db3333793a2']",https://issues.apache.org/jira/browse/LANG-703
1192,Lang,21,DateUtilsTest,testIsSameLocalTime_Cal,3,"['2a41c12c95bb41f7b07a270927b27f3bc5098621', '55f642725742513824975af0e5e91cb1920b6d72']",https://issues.apache.org/jira/browse/LANG-677
1193,Lang,22,FractionTest,testReduce,3,"['7e8976d60b8a24f9fc03f89d98304d77e6153b6d', '9a662f1bfd76c49bfcb9e9947f008aade2db54eb', 'ed2a8da1bf10db5cb3c7701b60accd0165dc2e10', '3905071819a14403d1cdb9437d2e005adf18fc70', '0b2b82ad923b0455cde93286e3f504a1abd0863b']",https://issues.apache.org/jira/browse/LANG-662
1194,Lang,22,FractionTest,testReducedFactory_int_int,3,"['7e8976d60b8a24f9fc03f89d98304d77e6153b6d', 'ab3779080b0c12668cca7fc9f12d6f38d6495892', '9a662f1bfd76c49bfcb9e9947f008aade2db54eb', '0b2b82ad923b0455cde93286e3f504a1abd0863b']",https://issues.apache.org/jira/browse/LANG-662
1195,Lang,23,ExtendedMessageFormatTest,testEqualsHashcode,1,['46356183872f2cba5e340993c6d85597a4f3cdbb'],https://issues.apache.org/jira/browse/LANG-636
1196,Lang,24,NumberUtilsTest,testIsNumber,3,"['61f0f1640387a5e07a4904aa6adec9363ec5e2fc', 'af2f23ee1deb9e05244ca604cd0248dd21227a12', 'da0612b348fcfa7679b92a5e9b8e1603e8e2da3a', '81903abbb25ff92597d5f1e3acc648d12bdee444']",https://issues.apache.org/jira/browse/LANG-664
1198,Lang,26,FastDateFormatTest,testLang645,1,['75d5b74a1a7ef68c5169f4b44cdf972c1ab07ee0'],https://issues.apache.org/jira/browse/LANG-645
1199,Lang,27,NumberUtilsTest,testCreateNumber,3,"['61f0f1640387a5e07a4904aa6adec9363ec5e2fc', 'af2f23ee1deb9e05244ca604cd0248dd21227a12', '474154014bc9cc9eff614a3378ce074bc120245e', 'e819ef4e4936b493ebc39d2f47baa0b7cbc72db7', 'da0612b348fcfa7679b92a5e9b8e1603e8e2da3a', 'c2560c028173c3bc0a4627d4ce5ce221bcc9be66']",https://issues.apache.org/jira/browse/LANG-638
1200,Lang,28,NumericEntityUnescaperTest,testSupplementaryUnescaping,1,['3e1afecc200d7e3be9537c95b7cf52a7c5031300'],https://issues.apache.org/jira/browse/LANG-617
1287,Math,1,BigFractionTest,testDigitLimitConstructor,3,"['fdcad35060d6e9bb56be5f50eb891f3f313a177c', 'a4bbdaf426a92d6351796b1d57407776f09f0a3d', '0da657a65c92b086a301a6ffe9e34ec272f8889c']",https://issues.apache.org/jira/browse/MATH-996
1288,Math,1,FractionTest,testDigitLimitConstructor,3,"['0b59d70b7948a22e770b8dd81e6eca20be2c71f4', 'afcb345fba17a8ccf58541d3094e130c38fe80ae', 'a4bbdaf426a92d6351796b1d57407776f09f0a3d', '0da657a65c92b086a301a6ffe9e34ec272f8889c']",https://issues.apache.org/jira/browse/MATH-996
1291,Math,4,SubLineTest,testIntersectionNotIntersecting,1,['277e61721f34be16a20da663fd597edf6b51939b'],https://issues.apache.org/jira/browse/MATH-988
1292,Math,4,SubLineTest,testIntersectionParallel,1,['277e61721f34be16a20da663fd597edf6b51939b'],https://issues.apache.org/jira/browse/MATH-988
1293,Math,5,ComplexTest,testReciprocalZero,3,"['60d96e0ee72180da2c9b89e1acc66033253f0237', 'e54a1c92302f3167b06bc04859b87ac0681bcdf3']",https://issues.apache.org/jira/browse/MATH-934
1310,Math,6,GaussNewtonOptimizerTest,testGetIterations,1,['419a052c6842192e78f747d9f5af619c2ca56e78'],https://issues.apache.org/jira/browse/MATH-949
1311,Math,6,LevenbergMarquardtOptimizerTest,testGetIterations,1,['419a052c6842192e78f747d9f5af619c2ca56e78'],https://issues.apache.org/jira/browse/MATH-949
1323,Math,8,DiscreteRealDistributionTest,testIssue942,1,['196e63174afdb3df1529c1b97bb8437b16831cc3'],https://issues.apache.org/jira/browse/MATH-942
1324,Math,9,LineTest,testRevert,1,['de98c0f0a566060ac143c39036f06a03f141dc52'],https://issues.apache.org/jira/browse/MATH-938
1330,Math,13,PolynomialFitterTest,testLargeSample,1,['a6b2e992e17cee0d4cb5a2da8242a20b8e5a8fc3'],https://issues.apache.org/jira/browse/MATH-924
1331,Math,14,PolynomialFitterTest,testLargeSample,1,['a6b2e992e17cee0d4cb5a2da8242a20b8e5a8fc3'],https://issues.apache.org/jira/browse/MATH-924
1332,Math,15,FastMathTest,testMath904,1,['b221a7342856a2a548f5d9817055defc0ec4dea6'],https://issues.apache.org/jira/browse/MATH-904
1333,Math,16,FastMathTest,testMath905LargeNegative,1,['875ed1f4d90d1457c0ab40dafc79be5a0c6f9bf6'],https://issues.apache.org/jira/browse/MATH-905
1334,Math,16,FastMathTest,testMath905LargePositive,1,['875ed1f4d90d1457c0ab40dafc79be5a0c6f9bf6'],https://issues.apache.org/jira/browse/MATH-905
1335,Math,17,DfpTest,testMultiply,3,"['1eb0c0d7421823470de3a901643ae3be2c9e0a8e', '60d96e0ee72180da2c9b89e1acc66033253f0237', '621806b796bc416f00341feca894ebae07be5ed0']",https://issues.apache.org/jira/browse/MATH-778
1336,Math,18,CMAESOptimizerTest,testFitAccuracyDependsOnBoundary,1,['6e62aefca7aefe26a2ebc43fcdcd6cd58953f7de'],https://issues.apache.org/jira/browse/MATH-867
1337,Math,19,CMAESOptimizerTest,testBoundaryRangeTooLarge,1,['c73fad0a0d42103b5e13a68317ea95b1090263ba'],https://issues.apache.org/jira/browse/MATH-865
1338,Math,20,CMAESOptimizerTest,testMath864,1,['efa9de05114492ca38cf4739a07339f5ad6faddc'],https://issues.apache.org/jira/browse/MATH-864
1339,Math,21,RectangularCholeskyDecompositionTest,testFullRank,1,['468ed8550b7759858a4dc59d694859a8ae7d35f0'],https://issues.apache.org/jira/browse/MATH-789
1340,Math,21,RectangularCholeskyDecompositionTest,testMath789,1,['468ed8550b7759858a4dc59d694859a8ae7d35f0'],https://issues.apache.org/jira/browse/MATH-789
1341,Math,22,FDistributionTest,testIsSupportLowerBoundInclusive,1,['b0cba9a79ee99b09958dec8e40c75bed47b7f780'],https://issues.apache.org/jira/browse/MATH-859
1342,Math,22,UniformRealDistributionTest,testIsSupportUpperBoundInclusive,1,['b0cba9a79ee99b09958dec8e40c75bed47b7f780'],https://issues.apache.org/jira/browse/MATH-859
1344,Math,24,BrentOptimizerTest,testMath855,1,['d5ff460ba69e4261f066d7856e2f90b886924513'],https://issues.apache.org/jira/browse/MATH-855
1345,Math,25,HarmonicFitterTest,testMath844,1,['996dd998e3081e4a842017b8ebcdae9b6059b530'],https://issues.apache.org/jira/browse/MATH-844
1346,Math,26,FractionTest,testIntegerOverflow,3,"['c7b489f1e9cf9ceaff0f5844fdcf6630224ebf16', '1566dd339f6efc2347b0962fac7fce22adbc31ff']",https://issues.apache.org/jira/browse/MATH-836
1348,Math,28,SimplexSolverTest,testMath828Cycle,1,['d3fc5af31eb696af03cfbe2e18584c7e1d307d54'],https://issues.apache.org/jira/browse/MATH-828
1352,Math,30,MannWhitneyUTestTest,testBigDataSet,1,['a25e7f7abe7f6b3f4147febee4a917ce92241aab'],https://issues.apache.org/jira/browse/MATH-790
1353,Math,31,BinomialDistributionTest,testMath718,1,['2d846db3aec18dd081e680be05f6e0faad1cb186'],https://issues.apache.org/jira/browse/MATH-718
1354,Math,31,FDistributionTest,testMath785,1,['2d846db3aec18dd081e680be05f6e0faad1cb186'],https://issues.apache.org/jira/browse/MATH-718
1355,Math,32,PolyhedronsSetTest,testIssue780,1,['f81847d8079753ce45b049813730055188a22efb'],https://issues.apache.org/jira/browse/MATH-780
1356,Math,33,SimplexSolverTest,testMath781,1,['3ef79313597d7d49067c48d65a09042d8d94822d'],https://issues.apache.org/jira/browse/MATH-781
1357,Math,34,ListPopulationTest,testIterator,1,['520f36b43a13681db338a07ac6c251cbe1a7a6e5'],https://issues.apache.org/jira/browse/MATH-779
1466,Mockito,1,FieldInitializerTest,can_instantiate_class_with_parameterized_constructor,3,"['377de51ddf90e01c50646f34e353bbf01844c677', '5a4cdb5a40542e01c1558f7fbc34df01cfa794aa', 'e989b7e84b4f9b2e5b3b70e766d6215fd68fcb3b', '5e3a9dcd5c4acbe5b87d8c458df7f8a925ebe1e6', 'd26f5db9023b6b7cd331017551ea4353fff0ef91']",https://github.com/mockito/mockito/issues/188
1472,Mockito,1,ResetTest,shouldRemoveAllStubbing,3,"['51aca5035ea543ecdd109a77b30d34006cb98f29', 'db8333da5f132fb3bbe3c9c06a5e2a522a9667f9', '52a27f7bfeae32bd3ed4f58b999e76011e6af8df', '5672ed90dd8b29319a7ac2efd9acfe49a5027651', 'd4af3491da11293809062edf0dc63cc428d9b734', '78b954220c87827e5f0e926a9eff529112e37351', 'c6cd754bbfd38b9249278e725843f4f685dcb743', 'c69a4d39130e291b56131fdf03c807b48be77eab', 'b5403f8d1f780ed7b866801e459c861dd4d98798', '39dbb0f10abda381e03711846d6e61099613d44f', 'd26f5db9023b6b7cd331017551ea4353fff0ef91']",https://github.com/mockito/mockito/issues/188
1489,Mockito,2,NegativeDurationTest,should_throw_exception_when_duration_is_negative_for_after_method,1,['80452c7a42777513c35fd30c4e12bcd7ee438fb9'],https://github.com/mockito/mockito/issues/197
1490,Mockito,2,NegativeDurationTest,should_throw_exception_when_duration_is_negative_for_timeout_method,1,['80452c7a42777513c35fd30c4e12bcd7ee438fb9'],https://github.com/mockito/mockito/issues/197
1491,Mockito,2,TimerTest,should_throw_friendly_reminder_exception_when_duration_is_negative,1,['80452c7a42777513c35fd30c4e12bcd7ee438fb9'],https://github.com/mockito/mockito/issues/197
1492,Mockito,3,CapturingArgumentsTest,captures_correctly_when_captor_used_multiple_times,2,"['41b184237e5713d1c9b71714a7ecd00caab5e1b7', '144e32d269f6f5af529c52505e43b96f9fe59dea']",https://github.com/mockito/mockito/issues/188
1493,Mockito,3,CapturingArgumentsTest,captures_correctly_when_captor_used_on_pure_vararg_method,1,['144e32d269f6f5af529c52505e43b96f9fe59dea'],https://github.com/mockito/mockito/issues/188
1494,Mockito,3,CapturingArgumentsTest,should_capture_all_vararg,3,"['e43a958833df5aa46f54d7cd83b1c17fa19cc5dc', 'a7751c2763da93f0dece68d6da388e36d137647d', '41b184237e5713d1c9b71714a7ecd00caab5e1b7']",https://github.com/mockito/mockito/issues/188
1495,Mockito,3,CapturingArgumentsTest,should_capture_byte_vararg_by_creating_captor_with_primitive,3,"['e43a958833df5aa46f54d7cd83b1c17fa19cc5dc', 'a7751c2763da93f0dece68d6da388e36d137647d', '41b184237e5713d1c9b71714a7ecd00caab5e1b7']",https://github.com/mockito/mockito/issues/188
1496,Mockito,3,CapturingArgumentsTest,should_capture_byte_vararg_by_creating_captor_with_primitive_wrapper,3,"['e43a958833df5aa46f54d7cd83b1c17fa19cc5dc', 'a7751c2763da93f0dece68d6da388e36d137647d', '41b184237e5713d1c9b71714a7ecd00caab5e1b7']",https://github.com/mockito/mockito/issues/188
1497,Mockito,3,CapturingArgumentsTest,should_capture_vararg,3,"['e43a958833df5aa46f54d7cd83b1c17fa19cc5dc', 'a7751c2763da93f0dece68d6da388e36d137647d', '41b184237e5713d1c9b71714a7ecd00caab5e1b7']",https://github.com/mockito/mockito/issues/188
1501,Mockito,4,ClassCastExOnVerifyZeroInteractionsTest,should_not_throw_a_ClassCastException,1,['42b391d4209024292b6101048389570e4ec36b2a'],https://github.com/mockito/mockito/issues/187
1502,Mockito,4,ReporterTest,can_use_mock_name_even_when_mock_bogus_default_answer_and_when_reporting_no_more_interaction_wanted,1,['42b391d4209024292b6101048389570e4ec36b2a'],https://github.com/mockito/mockito/issues/187
1503,Mockito,4,ReporterTest,can_use_print_mock_name_even_when_mock_bogus_default_answer_and_when_reporting_injection_failure,1,['42b391d4209024292b6101048389570e4ec36b2a'],https://github.com/mockito/mockito/issues/187
1504,Mockito,4,ReporterTest,can_use_print_mock_name_even_when_mock_bogus_default_answer_and_when_reporting_no_more_interaction_wanted_in_order,1,['42b391d4209024292b6101048389570e4ec36b2a'],https://github.com/mockito/mockito/issues/187
1505,Mockito,5,NoJUnitDependenciesTest,pure_mockito_should_not_depend_JUnit,1,['611aadad684ed247741da29ae42cb32c1eec5ee6'],https://github.com/mockito/mockito/issues/152
1506,Mockito,6,AnyXMatchersAcceptNullsTest,shouldNotAcceptNullInAllAnyPrimitiveWrapperMatchers,1,['dc205824dbc289acbcde919e430176ad72da847f'],https://github.com/mockito/mockito/issues/134
1507,Mockito,6,AnyXMatchersAcceptNullsTest,shouldNotAcceptNullInAnyXMatchers,1,['dc205824dbc289acbcde919e430176ad72da847f'],https://github.com/mockito/mockito/issues/134
1508,Mockito,6,MatchersTest,anyStringMatcher,3,"['e86b9ac95b53d6aa54de989d8694fcc0f55a2362', '3133e1a7ab662c52c4350bdecb512874b7afe9b1', '66b6c1ddc099393d1a2d419b7486a609329341f5', '97194a6efa55ccaaec277fab470c076cb448c003', 'dc205824dbc289acbcde919e430176ad72da847f']",https://github.com/mockito/mockito/issues/134
1509,Mockito,6,NewMatchersTest,shouldAllowAnyCollection,3,"['2e0f918ff2f693c5704ba3832a94ffccddf97840', 'dc205824dbc289acbcde919e430176ad72da847f']",https://github.com/mockito/mockito/issues/134
1510,Mockito,6,NewMatchersTest,shouldAllowAnyList,3,"['2e0f918ff2f693c5704ba3832a94ffccddf97840', 'dc205824dbc289acbcde919e430176ad72da847f']",https://github.com/mockito/mockito/issues/134
1582,Time,2,TestPartial_Basics,testWith_baseAndArgHaveNoRange,1,['8612f9e5b88c1bea933ef9ab1e431f5db3006b48'],https://github.com/JodaOrg/joda-time/issues/93
1583,Time,3,TestMutableDateTime_Adds,testAddDays_int_dstOverlapWinter_addZero,1,['8d109fe1a999a11b4557536dd96f9210460a5936'],https://github.com/JodaOrg/joda-time/issues/77
1584,Time,3,TestMutableDateTime_Adds,testAddMonths_int_dstOverlapWinter_addZero,1,['8d109fe1a999a11b4557536dd96f9210460a5936'],https://github.com/JodaOrg/joda-time/issues/77
1585,Time,3,TestMutableDateTime_Adds,testAddWeeks_int_dstOverlapWinter_addZero,1,['8d109fe1a999a11b4557536dd96f9210460a5936'],https://github.com/JodaOrg/joda-time/issues/77
1586,Time,3,TestMutableDateTime_Adds,testAddYears_int_dstOverlapWinter_addZero,1,['8d109fe1a999a11b4557536dd96f9210460a5936'],https://github.com/JodaOrg/joda-time/issues/77
1587,Time,3,TestMutableDateTime_Adds,testAdd_DurationFieldType_int_dstOverlapWinter_addZero,1,['8d109fe1a999a11b4557536dd96f9210460a5936'],https://github.com/JodaOrg/joda-time/issues/77
1588,Time,4,TestPartial_Basics,testWith3,1,['3ba9ba799b3261b7332a467a88be142c83b298fd'],https://github.com/JodaOrg/joda-time/issues/88
1589,Time,5,TestPeriod_Basics,testNormalizedStandard_periodType_months1,1,['a6cb59ed2280ab0a32995fa8b5f1a7b0d47cb815'],https://github.com/JodaOrg/joda-time/issues/79
1590,Time,5,TestPeriod_Basics,testNormalizedStandard_periodType_months2,1,['a6cb59ed2280ab0a32995fa8b5f1a7b0d47cb815'],https://github.com/JodaOrg/joda-time/issues/79
1591,Time,5,TestPeriod_Basics,testNormalizedStandard_periodType_monthsWeeks,1,['a6cb59ed2280ab0a32995fa8b5f1a7b0d47cb815'],https://github.com/JodaOrg/joda-time/issues/79
1592,Time,6,TestGJDate,test_cutoverPreZero,1,['28aeba952e838fb12c9b934ce6ef65658e45d7b2'],https://github.com/JodaOrg/joda-time/issues/28
1593,Time,6,TestGJDate,test_plusWeekyears_positiveToNegative_crossCutover,1,['28aeba952e838fb12c9b934ce6ef65658e45d7b2'],https://github.com/JodaOrg/joda-time/issues/28
1594,Time,6,TestGJDate,test_plusWeekyears_positiveToZero_crossCutover,1,['28aeba952e838fb12c9b934ce6ef65658e45d7b2'],https://github.com/JodaOrg/joda-time/issues/28
